100,200,300,400,500,600,700,800,900,1000
2011,1060,1524,668,839,1063,1164,1406,1843,1698
2044,1347,1511,650,831,1261,1245,1319,1512,2021
2181,1043,1831,729,845,996,1454,1351,1481,1668
2303,1048,1918,680,823,1090,1210,1336,1805,2012
1998,998,1487,713,832,1412,1320,1768,1587,1664
2004,995,1840,946,844,1036,1189,1445,1488,1708
2711,1081,1502,651,831,994,1224,1335,1868,1894
1998,1039,1502,651,1142,1065,1485,1368,1481,1658
2253,1241,1625,803,886,993,1229,1334,1775,1675
2289,1070,1584,680,1055,1380,1334,1677,1813,1835
2042,1346,1522,745,838,1395,1325,1359,1743,1767
2001,998,1766,724,833,1133,1598,1366,1546,1647
2407,1024,1798,668,838,1006,1172,1327,2107,2121
2031,995,1483,670,857,1235,1573,1325,1496,1740
2013,1127,1775,998,992,1010,1161,1342,1498,1680
2514,1197,1504,708,905,1016,1155,1767,2007,1763
1998,996,1842,1003,841,1120,1395,1336,1481,1659
2272,1003,1732,795,929,999,1160,1414,1804,1645
2463,1056,1497,667,1141,1041,1246,1323,1905,2037
2352,1004,1484,686,834,996,1447,1409,2222,1728
2058,996,1654,844,869,993,1359,1709,1517,1805
2654,1006,1532,975,857,1003,1156,1360,1840,1667
2481,998,1486,714,834,1130,1393,1378,1704,1672
2053,997,1684,766,1082,1134,1176,1342,1495,1663
2540,1338,1486,681,856,1157,1200,1319,1931,1992
2023,1013,1491,671,831,1103,1712,1451,1515,1716
2004,1034,1702,1026,888,1003,1165,1346,1549,1914
2567,1020,1483,671,832,994,1156,1750,1879,1675
2150,1045,1484,843,940,1116,1430,1319,1497,1697
2315,1081,2187,713,839,1101,1176,1405,1692,1663
2360,1001,1500,745,1211,1106,1157,1320,1836,1695
2168,1202,1496,668,838,1065,1619,1350,1865,1646
2167,996,1829,688,837,1327,1211,1469,1630,1821
2500,1328,1504,651,834,996,1195,1378,1772,2393
2041,1016,1508,669,812,1016,1653,1412,1508,1671
2154,1195,1928,864,925,1100,1279,1484,1626,1805
2238,1081,1922,760,912,1079,1276,1580,1715,1786
2011,997,1642,1047,840,1287,1485,1320,1500,1660
2318,998,1906,945,861,1217,1166,1655,1498,1643
2349,997,1561,946,836,995,1173,1383,2001,1798
2308,1002,1498,677,849,1202,1342,1377,1761,1856
2027,1050,1902,706,1099,994,1155,1318,1496,1649
2966,1109,1488,710,832,994,1324,1345,1855,1645
2341,1003,1658,708,863,1323,1245,1593,1495,1673
2018,1010,1877,695,1312,1001,1161,1391,1483,1752
2652,1070,1484,672,837,1004,1247,1439,1803,2121
1999,995,1482,651,831,993,1500,1398,1641,1782
2002,1002,2294,877,852,997,1157,1334,1481,1887
2428,1166,1513,651,832,994,1490,1340,1703,1898
2000,1151,1909,681,838,1001,1515,1465,1492,1894
2075,997,1657,918,848,998,1180,1698,1535,1665
2332,1048,1499,1003,867,1097,1363,1371,1719,2003
2368,1005,1506,675,829,1004,1287,1810,1760,1684
2001,997,1500,865,1160,1008,1165,1321,1498,1755
2293,1667,1606,680,822,1048,1161,1338,1480,2020
2282,1028,1512,673,843,1130,1405,1695,1504,1668
2042,1112,1910,739,1138,1122,1160,1339,1481,1937
1997,1244,1678,675,957,1024,1668,1325,1496,2318
2146,1054,1827,668,837,1001,1345,1554,1827,2064
2072,1014,1486,669,852,1346,1625,1398,1531,1650
2072,1124,1935,683,832,1122,1162,1339,1496,1980
2648,1004,1505,662,839,1001,1156,1623,1534,1707
2047,1046,1669,911,1007,1215,1246,1323,1490,1658
2281,1088,1857,651,841,1004,1218,1483,1665,1687
2297,998,1504,651,1187,1195,1163,1324,2154,1684
2481,1005,1509,651,833,1238,1255,1524,1826,1670
1995,996,1826,708,837,1310,1157,1337,1488,1806
2602,1337,1487,671,832,993,1156,1318,1893,1960
2159,1032,1533,669,830,1105,1703,1421,1543,1643
2004,1175,1986,779,848,997,1164,1321,1497,1991
2520,1003,1622,784,900,995,1433,1531,1723,1683
2001,1002,1747,669,831,1234,1435,1355,1588,1661
2329,997,1848,707,839,994,1164,1658,1687,1670
2687,1016,1483,996,844,989,1174,1442,1756,1820
2537,1014,1488,669,865,1273,1215,1342,1772,1666
2202,1265,1829,651,1126,1003,1166,1340,1495,1896
2484,1005,1730,678,876,1017,1195,1654,1833,1643
2001,996,1496,668,904,1701,1722,1551,1539,1813
2262,1081,1629,704,899,1075,1314,1431,1880,2181
2001,996,1484,672,843,1356,1156,1783,1576,1708
2046,1315,1499,818,1053,1031,1157,1323,1614,1943
2037,1585,1641,651,841,1308,1357,1339,1617,1876
2109,1276,1680,684,832,994,1283,1536,1494,1985
2010,1001,1607,815,1007,1033,1444,1348,1494,1712
2201,1138,1782,668,839,1153,1172,1323,1802,1935
2287,996,1503,669,813,998,1263,1984,1902,1666
2003,1003,1485,839,1239,1104,1164,1321,1555,1988
2204,1236,1484,669,831,994,1156,1321,1864,2133
2217,997,1484,669,835,1325,1166,1661,1566,1659
2001,1381,1580,958,1294,1280,1176,1318,1761,1666
2231,1224,1541,791,813,1455,1167,1320,1662,1820
2014,1330,1628,692,831,1051,1451,1680,1674,1930
2008,1068,1608,843,870,997,1424,1471,1558,1674
2302,1057,1825,662,830,1005,1165,1340,1802,2173
2307,996,1544,671,813,994,1535,1486,1510,1673
2141,1002,1627,1018,1183,1037,1157,1394,1480,1661
2323,1034,1631,676,891,994,1156,1339,1973,2034
1999,999,1485,672,1062,1340,1774,1373,1505,1643
2343,1040,1679,875,873,996,1267,1338,1956,1663
2374,1001,1509,669,834,1379,1164,1335,1760,1918
2157,1311,1504,651,831,996,1467,1373,1505,2119
2017,1039,1596,875,871,1075,1503,1334,1493,1669
2246,1408,1912,651,834,997,1172,1320,1480,2243
2294,994,1555,701,941,998,1364,1973,1658,1658
2011,996,1535,892,1009,1232,1236,1348,1503,1651
2450,1231,1503,675,812,996,1174,1477,1707,1958
2286,1027,1514,670,831,993,1174,1671,1842,1862
2121,1003,1810,684,826,1330,1301,1496,1656,2031
2359,2168,1718,725,903,1187,1255,1446,1604,1973
2249,1322,1624,724,898,1078,1367,1513,1811,1647
2001,1158,1507,794,1028,1339,1168,1318,1496,1648
2007,1363,2035,839,835,1001,1147,1432,1509,2057
2131,997,1501,683,837,993,1300,1739,2048,1661
2002,1120,1504,672,1046,1141,1158,1319,1624,1710
2287,1126,1744,669,831,995,1163,1353,1834,2265
2294,997,1487,669,878,1238,1162,1725,1555,1678
2111,1417,1544,693,1098,1040,1169,1419,1735,1676
2005,1274,1714,673,843,1127,1548,1326,1539,2128
2012,1124,1641,669,813,1089,1273,1700,1517,1992
2002,999,1502,755,1029,1117,1445,1471,1572,1858
2097,1188,1843,660,837,1007,1169,1317,1518,2091
2627,1004,1504,709,840,1004,1202,1960,1593,1672
2230,998,1556,972,897,996,1156,1318,1587,1660
2229,1321,1655,697,832,994,1158,1737,1571,2090
2047,1019,1505,816,1151,1032,1199,1748,1575,1661
2290,1007,1506,650,1179,1035,1346,1384,1857,1655
2003,1349,1539,672,985,1319,1178,1341,1576,1990
2549,1042,1527,661,832,1197,1157,1655,1939,1815
2047,1001,1486,669,980,1439,1157,1318,1589,1661
2096,1110,2294,723,872,999,1162,1335,1501,2072
2084,1006,1619,670,878,997,1441,1559,1725,1662
2147,1003,1786,650,833,1574,1263,1384,1488,1739
2224,1298,1716,651,833,999,1156,1864,1547,1911
2188,1008,1506,651,832,993,1601,1348,2003,1721
1998,995,1840,683,840,1089,1377,1358,1488,1957
2297,1007,2165,758,842,1001,1273,1477,1521,1659
2369,1214,1942,688,1059,1007,1156,1531,1644,1731
2358,1002,1564,746,856,1281,1193,1717,1521,1656
2001,1001,1808,940,857,1151,1178,1360,1541,1800
2573,999,1503,651,813,994,1179,1621,2443,1821
2170,1077,1621,722,879,1157,1283,1407,1543,1712
2255,1313,1811,668,850,1002,1162,1333,1781,1670
2727,1007,1580,651,834,1369,1163,1319,1843,1743
2001,1354,1548,672,835,1175,1369,1339,1483,1936
2002,996,1776,859,951,1004,1596,1318,1498,1658
2284,1049,1882,684,831,994,1286,1323,1648,2320
2095,1012,1484,682,831,994,1359,1860,1664,1717
2009,1048,1648,963,1046,1005,1165,1336,1572,1813
2773,1016,1548,650,831,1007,1205,1658,1794,1694
2177,998,1550,1006,831,1016,1451,1372,1483,1662
2303,1003,1894,870,838,994,1202,1354,1805,1644
2462,1011,1503,651,1131,1148,1206,1319,1781,1680
2111,1239,1501,682,830,1175,1302,1490,1762,1926
2098,1005,1789,709,837,1255,1187,1321,1497,1820
2563,1385,1507,673,834,996,1156,1318,1828,2039
2186,1082,1489,670,910,1168,1571,1350,1496,1706
2026,1002,2288,889,893,994,1155,1341,1481,1839
2203,1005,1500,672,1012,1155,1589,1310,1848,1661
1998,998,1894,651,833,1328,1365,1327,1541,1669
2311,1008,1822,699,846,997,1165,1691,1675,1705
2677,997,1503,956,833,987,1164,1363,1849,1795
2360,999,1545,670,851,1342,1193,1336,1929,1713
2088,1052,2044,746,1195,994,1155,1320,1556,1783
2568,1068,1662,694,832,997,1203,1457,1909,1688
2014,1011,1508,662,839,1591,1656,1438,1502,1690
2125,1288,1855,686,831,1005,1164,1496,1488,2072
2468,1041,1500,669,813,995,1177,1635,1633,1714
2017,995,1502,1007,965,1226,1161,1355,1500,1658
2571,1125,1801,651,840,994,1156,1482,1877,1691
2457,1234,1490,674,1164,994,1159,1368,1830,1646
2382,1003,1506,804,866,1472,1344,1362,1953,1664
2001,1326,1521,669,847,1375,1181,1343,1524,1907
2104,1334,1539,668,839,993,1163,1491,1942,2034
2010,1002,1535,680,1005,1286,1430,1344,1487,1930
2245,1159,2026,720,832,994,1157,1320,1503,1712
2423,1047,1568,670,813,1006,1176,1814,1691,1660
2005,1078,1690,935,891,1146,1377,1318,1497,1652
2319,1004,1793,737,869,1111,1221,1456,1753,1676
2323,1082,1522,671,1121,1083,1177,1480,2104,1923
2388,997,1503,669,813,1281,1289,1372,2002,1893
2347,1165,1696,789,967,1078,1256,1445,1624,2302
2535,1080,1627,704,901,1077,1341,1604,1672,1817
2185,1095,1604,810,1284,1153,1162,1319,1504,1642
2033,1499,1566,672,813,996,1174,1320,1780,2094
2006,996,1502,650,918,1455,1500,1448,1496,1643
1997,1306,1504,831,998,1039,1315,1324,1486,2183
2138,1212,1512,668,813,995,1528,1358,1702,2334
2012,1048,1788,669,837,999,1358,1592,1538,2192
2020,1356,1776,705,836,996,1392,1330,1496,1642
2368,1089,1931,661,831,1011,1171,1339,1699,1894
2305,1001,1679,681,842,1033,1670,1868,1589,1669
1999,996,1806,687,1158,1047,1201,1320,1498,1657
2417,1277,1558,676,831,993,1275,1495,1851,2088
2017,1004,1509,676,837,999,1464,1402,1609,1706
1999,1045,1933,898,902,996,1157,1361,1505,1901
2402,1228,1531,673,833,994,1278,1533,1599,1877
2001,1064,1943,669,838,993,1491,1356,1499,1644
2411,996,1775,938,936,1009,1161,1697,1486,1658
2234,1163,1557,801,1128,994,1326,1324,1547,2152
2383,1005,1498,680,840,1001,1299,1690,2043,1767
2046,995,1483,918,961,996,1175,1489,1651,1810
2149,1208,1503,712,1206,995,1156,1486,1488,2032
2559,1087,1598,651,871,997,1176,1631,1777,1663
2006,996,1677,652,1324,1453,1344,1341,1505,1644
1998,1446,1540,651,959,1016,1220,1320,1499,2164
2120,999,1502,651,832,1071,1576,2012,1645,1726
2026,1040,1786,651,947,1271,1156,1320,1640,2059
2004,1276,1542,669,835,995,1279,1465,1482,1830
2423,1004,1904,668,831,1033,1157,1459,1708,1735
2353,1113,1538,704,837,1416,1194,1704,1543,1654
2025,1019,2047,979,881,1043,1157,1319,1506,1683
2739,1005,1486,669,832,1127,1160,1320,2357,1827
2064,997,1499,709,860,1395,1173,1465,1615,1661
2004,1261,1852,670,914,997,1171,1317,1639,1990
2603,1029,1485,711,834,1266,1244,1320,1850,1861
2164,1385,1581,661,839,1296,1217,1336,1484,1987
2019,1012,2169,774,842,1099,1434,1333,1480,1768
2211,998,1783,799,880,1001,1211,1552,1753,1966
2197,1058,1640,652,975,1459,1746,1342,1499,1718
2010,1373,2027,697,844,996,1157,1477,1487,2473
2275,997,1504,651,832,1006,1166,1654,1504,1808
2195,1217,1829,950,868,994,1156,1372,1488,1845
2394,1353,1549,651,834,1015,1512,1332,1671,1884
2013,1089,1690,728,1156,1007,1507,1558,1498,1642
2438,1003,1862,831,836,1005,1159,1362,1847,1705
2474,1046,1484,669,838,1368,1294,1486,2028,1785
2295,1020,1558,672,822,1289,1219,1431,1913,1680
2018,1003,1893,692,833,1283,1213,1319,1505,1925
2521,1281,1498,668,830,994,1160,1337,1866,1962
2107,1001,1515,692,847,992,1344,1910,1533,1670
2033,1040,1658,1166,1032,1091,1162,1333,1500,1867
2493,1136,1500,651,1009,1000,1256,1729,1652,1868
2001,1006,1571,911,1135,1101,1538,1432,1622,1799
2339,1025,1732,739,838,1006,1163,1602,1669,1671
2548,998,1484,897,895,1003,1156,1349,1800,1857
2421,1005,1510,679,832,995,1481,1404,1861,1696
2205,1089,1854,704,1122,1062,1169,1363,1499,1650
2530,1212,1681,694,850,997,1201,1321,1982,2014
2013,1009,1489,670,834,1440,1844,1442,1483,1668
1998,1034,1874,677,832,1005,1223,1518,1529,1981
2436,996,1509,651,832,993,1533,1322,2078,1859
2004,996,2113,667,834,1197,1323,1333,1495,1959
2074,1008,1993,685,831,993,1199,1604,1499,1750
2354,1070,1703,816,845,998,1156,1318,1807,1644
2368,1003,1507,800,931,1430,1484,1591,1483,1661
2001,999,1877,760,1117,1125,1164,1601,1509,1652
2603,1005,1501,651,837,1001,1170,1425,2081,2110
2012,1043,1517,735,839,1348,1394,1413,1594,1748
2068,1280,1886,731,847,996,1156,1317,1598,1844
2495,1001,1527,756,833,1090,1442,1392,1920,1704
2010,1099,1908,720,840,1177,1339,1335,1481,1960
2007,997,1840,739,883,998,1590,1329,1481,1659
2412,1097,1843,717,936,1054,1435,1759,2140,1962
2179,1079,1611,726,979,1084,1470,1505,1623,1801
2159,1232,1960,715,837,996,1231,1344,1640,1965
2561,1003,1579,669,831,993,1155,1614,1969,1691
2114,997,1530,683,961,1197,1176,1373,1480,1661
2322,1269,1943,674,814,996,1173,1322,1766,1658
2268,1017,1544,744,878,1520,1162,1337,1664,2122
2011,1284,1506,661,836,994,1740,1505,1729,1733
1998,994,1595,863,884,1133,1438,1437,1486,1668
2355,1123,1861,675,839,1001,1171,1325,1716,2253
2056,996,1503,651,832,994,1541,1801,1502,1667
2099,1209,1786,746,1328,993,1156,1318,1504,1660
2359,1340,1645,672,833,1041,1160,1318,1653,2290
2019,1009,1564,668,895,1066,1739,1554,1500,1730
2000,1016,1860,849,870,985,1268,1366,1547,1910
2182,1163,1528,670,831,1076,1349,1635,1614,2437
2003,997,1913,669,886,994,1300,1564,1483,1847
2038,997,1549,752,1061,1049,1154,1599,1882,1701
2126,1455,1651,900,842,1002,1177,1331,1503,2067
2403,1013,1564,735,835,996,1716,1719,1508,1815
1999,996,1625,872,1238,1107,1232,1320,1520,1661
2270,1428,1552,651,839,994,1174,1450,1577,1975
2053,1001,1501,651,832,1180,1589,1508,1483,1803
2048,1195,1578,693,1133,1044,1201,1334,1488,1934
2147,1438,1665,796,838,1001,1512,1318,1497,1977
2087,998,2148,660,845,994,1168,1614,1560,1910
2099,996,1530,677,1082,1377,1211,1691,1502,1797
2047,1298,1778,684,831,1000,1302,1362,1496,2239
2365,995,1502,651,832,993,1154,1706,1838,1901
2127,1013,1500,761,1083,1033,1157,1593,1485,1772
2055,1304,1523,973,921,998,1181,1366,1502,1958
2451,1032,1506,651,1000,1015,1155,1503,1815,1695
2021,1008,1499,843,813,1549,1698,1388,1497,1676
2011,1257,1727,685,813,1096,1180,1409,1504,2136
2357,1019,1528,669,831,995,1440,1575,1899,1766
2001,999,1840,669,1009,1262,1184,1327,1497,2161
2062,1144,1835,654,833,995,1450,1320,1521,1947
2197,1344,1960,671,834,986,1171,1325,1877,1960
2079,1140,1559,678,822,1341,1216,1629,1501,1658
2054,1091,1790,1036,856,1043,1156,1360,1499,1681
2657,997,1523,669,850,985,1310,1327,2345,1827
2016,996,1499,651,830,1278,1236,1339,1701,1739
2178,1341,1875,671,831,1068,1172,1340,1744,1801
2567,1004,1514,650,830,1321,1177,1415,1743,1664
2072,1295,1632,669,838,1295,1230,1346,1491,1995
2002,998,2050,651,836,996,1620,1333,1497,1642
2352,1006,1867,661,830,1265,1198,1415,1736,2078
2125,996,1483,669,833,993,1370,1973,1582,1663
1999,998,1485,797,1240,1033,1158,1320,1496,1814
2112,1501,1736,719,834,996,1156,1319,1500,2014
2213,1103,1511,670,831,1006,1680,1550,1499,1644
2006,1175,1992,653,1215,1189,1156,1385,1481,1994
2009,1341,1525,692,989,1000,1458,1326,1494,2110
2034,1004,1864,676,830,1000,1570,1621,1483,2293
2043,996,1574,966,905,1029,1192,1654,1525,1663
2207,1183,1758,787,834,1038,1157,1335,1487,2134
2527,1007,1503,666,832,995,1157,1699,1831,1669
2099,1001,1549,651,1147,1408,1193,1338,1489,1729
2023,1320,1620,676,878,999,1158,1318,1584,2193
2049,1017,1507,672,833,1031,1620,1611,1782,1666
2003,999,1781,651,845,1303,1194,1460,1509,2119
2002,996,1845,707,834,996,1308,1503,1522,1992
2464,1017,1855,722,838,994,1158,1614,1548,1676
2566,1061,1666,672,929,1240,1210,1650,1512,1662
2008,1102,2237,1132,832,993,1159,1349,1482,1839
2598,998,1548,973,833,994,1157,1540,2007,1659
2011,1002,1503,668,812,1399,1344,1482,1483,1664
2280,1015,1888,668,846,1007,1161,1336,1920,1699
2445,997,1502,651,834,1384,1302,1323,1803,1818
2028,1402,1611,667,831,1122,1401,1319,1480,2069
2123,1038,1840,718,830,1001,1478,1345,1585,1665
2378,997,1959,662,837,996,1198,1319,1671,2145
2040,992,1513,718,870,1264,1708,1753,1642,1780
2246,1081,1710,705,910,1095,1323,1729,1847,2050
2195,1078,1622,743,813,1031,1466,1319,2160,1670
2000,1042,1852,651,867,1301,1270,1325,1498,2189
2052,996,1883,743,833,1010,1454,1343,1530,1666
2611,1003,1931,705,1018,996,1158,1317,1808,1750
2201,1004,1659,672,836,1132,1413,1635,1496,1666
2010,1003,1860,995,1075,1000,1201,1321,1500,1680
2579,1007,1508,670,812,997,1174,1492,2307,1810
2013,1013,1540,669,832,1133,1418,1321,1641,1693
2388,1300,1808,706,831,996,1155,1317,1573,1982
2655,1001,1529,670,831,1120,1406,1333,1817,1737
2000,1229,1957,679,838,1270,1430,1333,1503,1970
2013,997,2013,652,836,999,1576,1335,1559,1641
2408,997,1805,735,919,1195,1176,1584,1897,1938
2027,1012,1604,670,913,1325,1301,1581,1486,1729
2004,1197,1695,670,832,996,1469,1378,1536,2049
2380,1071,1734,667,814,994,1177,1486,1661,2044
2252,1009,1546,720,1012,1141,1456,1371,1480,1658
2005,1369,1981,739,813,998,1179,1321,1499,1928
2416,999,1504,651,1016,1148,1230,1658,1947,1702
2045,1058,1507,663,1214,1054,1321,1370,1498,1646
2390,1151,1754,669,814,1002,1172,1321,2025,1847
2261,995,1581,670,833,1294,1167,1372,1916,1737
2027,1357,1863,679,1002,1246,1177,1333,1715,1712
2085,1487,1540,651,831,1203,1247,1461,1495,1933
2034,1076,1880,673,813,1012,1216,1617,1560,1990
2018,995,1490,670,947,1363,1859,1360,1498,1670
2035,1150,1964,677,834,995,1186,1451,1487,1700
2747,1061,1493,753,832,993,1155,1439,1871,1683
2037,997,1484,839,976,1251,1295,1333,1507,1764
2588,1043,1885,673,833,996,1156,1400,1753,1968
2573,1660,1977,982,840,1001,1291,1573,1499,1644
2344,1015,1677,1131,948,1039,1158,1623,1484,1663
2194,1184,1532,687,1184,1011,1197,1336,1483,2083
2336,998,1485,672,832,1028,1211,2174,2313,1704
2008,1006,1803,870,1118,1124,1157,1375,1530,1667
2334,1240,1484,670,824,1016,1162,1350,1481,2478
2021,1192,1631,669,839,1003,1392,1444,1789,1748
2144,1002,1720,848,870,1151,1285,1417,1481,1662
2281,1118,2016,694,833,1017,1218,1319,1580,2269
1999,998,1505,651,833,1138,1359,2165,1594,1669
1999,996,1484,854,990,1067,1182,1462,1546,1646
2410,1647,1692,671,832,995,1156,1712,1741,2232
2044,997,1503,981,840,1003,1315,1548,1540,1687
2665,1049,1507,991,901,995,1157,1519,1500,1668
2114,1334,1620,671,1279,1004,1179,1346,1526,1927
2400,1018,1549,735,867,1006,1484,1529,1864,1661
1997,997,1523,957,920,1395,1163,1336,1529,1726
2189,1358,1523,676,833,1132,1158,1517,1511,2555
2070,1004,1500,693,813,1012,1275,1580,1484,1809
2068,997,1825,749,1025,1032,1158,1336,1490,1676
2760,1262,1587,651,833,995,1175,1611,1496,2011
2058,1021,1798,1078,883,997,1433,1385,1513,1801
2290,999,1486,876,1092,1001,1211,1616,1544,1716
2253,1202,1512,715,1105,995,1303,1472,1486,2114
2410,1010,1504,650,866,995,1156,1682,1945,1708
2000,997,1502,651,1157,1251,1226,1366,1502,1660
2153,1361,2043,888,840,1045,1165,1341,1497,2126
2124,1065,1554,670,813,996,1525,1712,1518,1733
2003,997,1917,709,1278,1099,1244,1321,1501,1981
2016,1342,1543,670,813,1116,1225,1512,1666,1824
2277,1015,1745,797,833,994,1157,1507,1946,1783
2390,998,1501,651,833,1295,1194,1699,1544,1770
2041,1142,1728,830,939,1009,1165,1335,1482,1858
2657,1085,1613,812,827,1013,1173,1548,1619,1725
2350,1004,1649,699,943,1207,1194,1913,1499,1676
2013,1235,1655,1070,915,1001,1158,1361,1500,1978
2419,998,1485,669,832,994,1226,1859,2073,1664
1999,997,1485,670,1000,1467,1238,1364,1680,1667
2000,1174,1679,671,832,995,1160,1361,1501,2354
2369,1000,1484,671,834,1047,1515,1446,1981,1661
2051,1223,1762,672,856,1288,1194,1528,1622,2012
2188,1148,2207,779,1405,1587,1374,1431,1689,1823
2296,1185,1676,729,902,1076,1338,1429,1771,1751
2017,998,1485,928,999,1382,1160,1327,1594,1772
2281,1369,1484,679,832,996,1201,1488,1487,2395
2199,1036,1546,651,832,994,1155,1649,1500,1801
2212,997,1798,811,1011,1019,1166,1319,1501,1662
2660,1213,1613,672,873,995,1157,1703,1673,1935
2038,998,1788,1103,825,1009,1330,1496,1480,1663
2481,1005,1627,902,963,999,1176,1617,1571,1673
2313,1038,1501,650,1182,1002,1307,1322,1966,1862
2342,989,1501,671,835,994,1480,1357,2050,1659
2016,1005,1747,836,915,1258,1205,1338,1481,1964
2501,1414,1504,671,813,996,1184,1320,1844,2160
2100,999,1508,718,835,1102,1533,1427,1481,1661
2017,998,1802,1131,874,1051,1333,1357,1498,1714
2392,1082,1849,678,842,1141,1209,1423,1634,2225
2051,1046,1484,669,833,996,1496,1895,1529,1672
1999,997,1528,958,1246,1040,1159,1336,1537,1709
2162,1273,1493,670,834,997,1158,1350,1845,2003
2194,1043,1485,669,835,1354,1156,1677,1546,1661
1998,1324,1717,994,1152,1132,1161,1337,1764,1656
2300,1049,1484,670,1008,1193,1311,1320,1509,1996
2013,1036,1773,668,840,1010,1561,1601,1505,2122
2063,1004,1505,829,1053,1033,1497,1334,1641,1719
2110,1202,1815,670,831,994,1172,1369,1497,1973
2817,1007,1508,684,823,1002,1290,1714,1786,1660
2139,1040,1530,1052,1239,1057,1156,1421,1489,1665
2354,1068,1586,673,967,998,1154,1338,1975,1878
1999,999,1493,670,951,1494,1318,1427,1813,1684
2004,997,1600,883,1348,1144,1175,1437,1627,1643
2335,1430,1502,670,830,996,1156,1321,1629,2704
2027,997,1486,671,832,994,1458,1410,1499,1644
2314,1094,1992,854,885,996,1157,1319,1500,1949
2268,1458,1493,713,866,995,1580,1358,1709,1834
2000,996,1831,818,814,1021,1674,1448,1482,1951
2019,1031,1705,805,850,1065,1228,1718,1509,1644
2560,998,1515,1017,841,1003,1164,1424,1723,1890
2482,1169,1575,687,840,1099,1385,1649,1505,1851
2104,997,1881,916,1101,988,1173,1318,1499,1644
2948,1049,1503,687,855,994,1156,1318,2017,1869
2014,1055,1611,665,840,1522,1316,1333,1576,1650
1998,1304,1812,733,928,1000,1283,1319,1545,1935
2302,1014,1512,652,813,995,1549,1368,2131,1744
2023,1005,1817,676,831,995,1443,1368,1818,2139
2055,997,1630,824,883,1040,1394,1347,1498,1734
2247,1246,1881,651,832,994,1159,1336,1481,2046
2524,1029,1552,674,813,995,1210,1871,1492,1662
2246,997,1638,867,1083,1465,1178,1363,1502,1678
2189,1216,1519,651,834,1138,1180,1363,1789,1975
2068,1002,1503,651,835,1374,1198,1755,1589,1705
2012,1335,1498,669,958,1207,1201,1339,1481,2139
2007,1200,1762,670,813,996,1326,1321,1775,1951
2225,1026,1546,670,832,1380,1163,1616,1559,1645
2044,1299,1652,812,908,1466,1247,1329,1654,1768
2075,1318,1538,678,975,1073,1507,1327,1502,2026
2101,1007,1819,651,836,995,1256,1708,1483,2059
2010,1074,1495,964,899,1003,1450,1320,1649,1648
2351,1038,1774,650,833,994,1158,1338,1482,2098
2505,1001,1503,651,833,995,1190,1868,1856,1656
2000,1137,1593,680,981,1539,1545,1359,1481,1663
1999,1165,1826,678,859,1052,1200,1319,1681,1971
2261,997,1485,670,831,1025,1529,1435,1873,1660
2006,988,1862,669,860,1361,1156,1454,1517,2138
2000,1309,1608,669,832,993,1398,1387,1588,2149
2274,1043,1891,687,834,994,1157,1561,1560,1988
2224,1043,1501,651,1101,1109,1267,1475,1483,1662
2000,1368,1938,692,847,996,1157,1336,1482,1808
2412,998,1519,670,1108,998,1159,1524,2030,1722
2001,998,1486,670,832,1332,1371,1346,1528,1687
2101,1363,2020,829,837,1039,1155,1335,1978,1660
2336,1010,1532,688,832,1340,1157,1355,1802,1755
2006,1134,1981,661,839,1264,1292,1335,1503,2160
2504,1341,2128,783,940,1250,1226,1471,1982,1883
2508,1906,1920,997,950,1167,1282,1577,1601,1717
2000,997,1916,1056,1259,1034,1157,1328,1500,1731
2328,999,1514,650,977,999,1258,1621,1667,1827
2006,997,1516,661,1127,1047,1609,1509,1502,1688
2357,1006,1667,840,878,1019,1174,1327,1978,1690
2422,1022,1768,670,832,996,1160,1619,1828,1899
2060,1013,1484,900,961,1190,1439,1320,1499,1661
2399,1025,2144,852,843,1003,1178,1429,1691,1644
2438,998,1644,651,1271,1029,1204,1333,1851,1643
2326,1048,1492,673,944,1548,1289,1319,1787,1661
2039,1006,1821,661,841,1201,1157,1558,1498,1911
2176,1359,1492,670,832,995,1165,1361,1991,2050
2035,1003,1500,652,833,1217,1398,1341,1498,1750
2281,1031,2435,846,842,1083,1197,1322,1612,2108
2160,1073,1531,679,832,995,1157,1604,1997,1644
2028,996,1484,847,1022,1399,1158,1319,1507,1644
2308,1175,1735,670,813,1042,1205,1363,1916,1761
2204,1005,1582,670,834,1301,1163,1398,2040,1648
2307,1343,1630,671,813,1322,1197,1344,1769,1865
2058,1018,1812,651,833,1222,1181,1319,1482,1663
2549,1082,1920,669,813,1002,1211,1321,1810,1996
2012,1005,1642,681,833,1388,1568,1548,1501,1705
1999,1019,2041,835,1029,1144,1199,1341,1531,1966
2107,997,1484,709,833,1004,1540,1882,1564,1662
1998,996,1983,669,855,1307,1174,1394,1648,2122
2015,1118,1735,651,833,1038,1183,1597,1499,1780
2617,1024,1695,951,839,1000,1163,1544,1700,1679
2524,1055,1546,670,937,1253,1164,1623,1495,1661
2002,1192,1797,674,1242,1013,1157,1340,1482,1789
2557,1005,1507,775,831,1138,1162,1571,2369,1718
2013,1005,1506,661,1038,1317,1402,1508,1790,1661
2410,1386,1651,651,867,1099,1157,1338,1958,1878
2419,1002,1503,717,850,1038,1319,2001,1669,1889
2023,1005,1650,876,1090,1008,1156,1318,1534,1660
2624,1299,1578,651,831,994,1306,1346,1480,2346
2082,996,1652,651,838,996,1347,1641,1552,1658
2013,1014,1892,811,1193,1234,1179,1320,1481,2024
2029,1222,1539,651,832,995,1156,1734,1500,2114
2156,1032,1545,980,839,1001,1180,1644,1650,1686
2366,1010,1483,822,1010,1008,1200,1539,1681,1661
2359,1492,1685,982,829,995,1173,1340,1538,2007
2478,1033,1551,661,839,1001,1447,1372,1834,1644
2000,997,1667,833,970,1296,1202,1339,1480,1661
2360,1238,1518,651,880,1043,1250,1324,1524,2425
2039,996,1501,651,833,995,1481,1769,1488,1714
1998,996,1821,854,1152,1071,1176,1321,1498,2059
2153,1189,1526,651,832,1069,1175,1612,1507,2055
2628,1000,1954,667,833,995,1781,1374,1494,1819
2310,1068,1976,826,830,1112,1159,1545,1549,1660
2371,1169,1801,891,841,1003,1202,1353,1822,1783
2278,999,1485,670,833,1275,1505,1798,1596,1656
2011,997,1911,1090,849,988,1173,1487,1501,1952
2670,1006,1506,662,862,996,1158,1642,2019,1745
2154,1009,1507,702,1260,1325,1261,1385,1611,1798
2253,1226,1624,703,867,995,1157,1340,1482,1912
2588,1104,1509,650,836,1182,1157,1644,1559,1659
2069,998,1504,1011,942,1440,1447,1468,1499,1644
2320,1123,1732,686,813,994,1313,1484,1928,1970
2064,996,1484,670,1164,996,1158,1876,1679,1659
2378,1003,1504,651,1152,1105,1157,1318,1775,1797
2007,1525,1572,671,986,1125,1180,1363,1482,1934
2180,1329,1665,680,840,1039,1180,1650,1774,1769
2043,998,1651,894,1070,1507,1213,1360,1499,1661
2169,1205,1572,911,933,1187,1218,1352,1483,2025
2359,1038,1506,678,823,1003,1273,1991,1834,1663
2009,997,1624,829,1091,1003,1158,1351,1576,1671
2259,1543,1556,651,994,1002,1156,1406,1482,2086
2092,1000,1483,670,832,1156,1621,1635,1496,1677
1999,1204,1854,799,1014,1039,1171,1337,1530,1959
1999,1272,1574,819,834,997,1607,1420,1498,2057
2008,996,1865,679,840,1002,1312,1892,1578,1947
2545,1142,1767,730,908,1061,1468,1609,2156,2207
2210,1219,1606,725,900,1075,1252,1518,1934,1994
2177,1087,1639,686,935,1233,1487,1319,1497,1791
2016,1061,2164,707,831,993,1156,1378,1503,1688
2463,1200,1547,669,832,993,1205,1859,1765,1664
2011,1003,1961,793,888,1197,1414,1380,1541,1708
1999,1051,2161,671,980,999,1204,1492,1481,2109
2438,1021,1510,670,840,1001,1702,1351,2174,1853
2029,999,1837,652,878,1334,1201,1538,1579,2119
2000,997,1883,682,847,995,1541,1320,1501,1755
2344,997,1785,668,840,1001,1174,1327,1813,1724
2539,996,1546,714,812,1340,1195,1605,1482,1662
1997,998,2010,809,1254,1012,1164,1342,1495,1642
2582,997,1503,651,833,1132,1180,1341,2103,1994
2001,998,1484,670,831,1074,1438,1571,1483,1644
1999,1293,1514,941,920,999,1227,1339,1490,2161
2481,1070,1504,669,812,995,1512,1341,1634,1876
2148,1144,1921,670,1016,995,1482,1365,1582,1991
2043,1097,1729,925,921,1039,1443,1541,1500,1666
2401,1074,1828,824,844,1051,1164,1331,1838,1981
2122,996,1485,670,834,1069,1598,1707,1516,1667
2000,996,1754,743,1130,1004,1163,1340,1798,1752
2998,1046,1502,651,832,995,1157,1433,2088,1931
2146,999,1504,670,813,1296,1668,1319,1487,1662
2107,1001,2005,650,834,995,1156,1336,1483,2044
2279,1006,1744,672,877,995,1468,1605,1657,1663
1998,1041,1852,690,886,1359,1227,1418,1530,1928
2013,1204,1645,650,832,996,1157,1772,1551,2076
2178,997,1505,670,812,993,1545,1747,1719,1692
2024,1028,1784,662,978,1193,1181,1317,1498,1970
2154,1192,1943,673,833,995,1306,1578,1504,2167
2112,1090,1989,679,845,994,1253,1605,1484,1699
2258,1001,1533,913,1104,1035,1156,1687,1514,1656
1997,1320,1522,915,1067,1183,1161,1321,1541,1979
2434,1083,1484,671,832,995,1157,1824,2096,1686
2038,997,1527,671,830,1156,1737,1356,1500,1844
2004,1046,1804,718,832,995,1157,1319,1500,1964
2850,1000,1485,671,876,994,1545,1350,1825,1699
2001,999,2042,664,865,1191,1303,1357,1532,1774
2662,1006,1485,670,1022,996,1390,1631,1899,1706
1997,996,1502,1004,841,1067,1522,1343,1485,1706
2308,1011,1554,834,1006,1032,1157,1379,1910,1703
2134,1209,1539,651,1200,1002,1163,1320,1500,1987
2470,1129,1484,727,841,995,1157,1644,1866,1685
2004,1165,1490,672,1012,1438,1313,1319,1696,1673
2081,1206,1790,675,838,1054,1157,1317,1592,2189
2232,997,1492,670,832,1289,1688,1640,1519,1667
1998,995,1881,670,928,1202,1165,1493,1485,2006
2107,1234,1674,666,873,1028,1216,1612,1529,2202
2147,1018,1648,793,839,996,1158,1638,1541,1645
2518,1002,1566,672,1036,1146,1157,1319,1498,2078
2019,1265,1899,715,832,995,1416,1367,1481,1866
2207,1043,1774,746,879,1000,1161,1379,2073,1878
2281,1004,1502,687,841,1252,1379,1829,1499,1665
2034,1056,1818,976,835,997,1159,1321,1754,1783
2409,1004,1504,669,813,994,1214,1319,2083,2043
2169,1118,1661,651,833,1203,1320,1320,1498,1643
2039,1431,1821,841,833,994,1163,1336,1744,1678
2335,1020,1539,673,834,988,1518,1351,1774,1681
2027,997,1858,669,844,1187,1676,1394,1539,1924
1999,997,1842,687,840,995,1390,1511,1490,1709
2378,1225,1798,683,812,994,1173,1472,2128,1826
2270,1003,1509,661,840,1407,1281,1615,1492,1660
2139,1143,2170,836,833,995,1156,1335,1481,1756
2635,1126,1551,651,831,994,1166,1462,2125,1712
2014,1005,1515,795,992,1638,1226,1341,1480,1661
2287,1116,1838,651,832,1092,1203,1436,1753,1788
2231,1077,1624,704,876,1366,1156,1439,2078,1754
2001,1335,1518,668,841,1373,1246,1321,1510,1996
2078,1147,1720,670,831,1060,1518,1349,1560,2133
2213,1066,1879,679,830,1002,1207,1636,1539,2013
2012,1032,1648,793,1133,1177,1490,1343,1497,1642
1998,1290,1926,957,1009,1110,1446,1517,1616,2035
2186,1081,1625,727,901,1316,1585,1551,1627,1813
2175,1249,1621,787,910,1077,1270,1429,1627,1943
2231,1096,1630,724,899,1077,1379,1441,1864,2021
2045,1027,1806,651,833,996,1457,1356,1503,2368
2025,1008,1768,778,870,996,1157,1381,1482,1926
2432,1188,1545,651,830,994,1655,1396,1890,1752
2043,997,2042,679,825,1004,1756,1419,1498,1995
2015,1067,1848,679,847,1144,1470,1462,1483,1662
2357,998,1853,686,849,1005,1195,1487,1845,1702
2348,1003,1501,668,839,1151,1356,1606,1624,1725
2042,998,1861,771,993,1212,1177,1321,1516,1662
2953,1160,1528,670,831,993,1158,1318,1975,1724
2001,1094,1552,679,832,1087,1660,1546,1501,1644
1999,1051,1765,797,967,1001,1176,1319,1481,1914
2195,1172,1500,651,832,995,1184,1809,1754,1889
2123,1048,1580,908,831,996,1355,1497,1688,1669
2434,997,1483,865,1037,1001,1175,1499,1667,1796
2132,1290,1552,673,1150,1198,1180,1335,1644,1859
2366,1038,1559,682,825,996,1512,1370,1811,1662
2016,997,1484,1083,1073,1629,1177,1321,1506,1644
2305,1311,1521,670,813,1210,1159,1322,1658,2306
2024,1054,1520,710,833,996,1321,2041,1588,1821
2003,996,1503,996,891,1045,1202,1533,1687,1783
2448,1082,1904,651,835,996,1174,1320,1483,2561
2192,1022,1528,669,832,994,1290,1694,1631,1644
2001,1141,1508,917,1143,1307,1235,1319,1541,1642
2249,1219,1539,843,836,1046,1159,1318,1894,2175
2021,996,1859,699,1076,1527,1537,1763,1503,1662
2460,1021,1871,933,947,997,1499,1680,1525,1659
2332,999,1502,671,1159,1004,1196,1325,1945,1874
2550,1068,1707,670,831,1017,1467,1493,1912,1848
2043,999,1826,709,1105,1009,1166,1342,1500,1662
2486,1489,1527,685,833,995,1199,1337,1691,2025
2001,998,1618,676,836,997,1442,1869,1547,1668
1998,1005,1814,869,895,1113,1203,1322,1614,1701
2547,1060,1484,671,832,995,1156,1793,1761,1698
2278,997,1485,669,833,994,1351,1962,1716,1811
2002,996,1577,969,1089,1041,1179,1336,1505,1658
2655,1571,1545,683,814,996,1173,1319,1836,2037
1999,1134,1510,672,813,1183,1694,1438,1501,1644
2008,997,1662,857,971,997,1156,1336,1482,1758
2664,1042,1505,709,831,993,1301,1791,2033,1664
1998,996,1631,990,839,1134,1352,1341,1768,1653
2445,996,1782,708,813,995,1174,1544,1542,1813
2540,1103,1499,723,1156,1002,1159,1422,1740,1657
2371,1005,1733,651,833,1274,1281,1319,1842,1659
2015,1061,1860,786,1120,1577,1165,1341,1497,1866
2372,1076,1547,671,883,1043,1161,1617,2049,1654
2002,1013,1519,671,928,1290,1307,1381,1607,1645
1999,998,2211,742,831,1002,1173,1342,1590,1716
2500,1151,1503,670,813,1012,1263,1693,1808,1643
2147,1065,1660,718,848,1124,1398,1320,1481,1661
2387,1081,2016,754,833,1039,1377,1787,1517,1948
2089,998,1484,871,1033,1090,1229,1977,1519,1663
2000,997,1791,662,1036,1246,1271,1530,1498,1952
2100,1193,1539,651,833,996,1156,1718,1535,2113
2158,999,1542,1055,851,996,1157,1668,1536,1781
2475,1007,1508,668,1005,1201,1172,1553,1563,1671
2200,1194,1765,731,1095,999,1194,1337,1481,1954
2663,1073,1570,651,837,1043,1175,1461,1869,1666
1999,997,1486,671,833,1525,1767,1391,1497,1646
2000,997,1837,680,833,995,1156,1532,1525,1980
2379,1010,1485,669,832,994,1459,1398,1837,2135
2003,996,1956,670,886,1182,1411,1342,1496,2006
2065,1007,1887,715,828,994,1175,1603,1499,1667
2405,1148,1627,1005,840,995,1166,1326,1645,1820
2419,1005,1506,802,852,1005,1644,1788,1481,1884
2080,996,1858,877,969,1134,1183,1376,1508,1644
2724,1016,1504,650,833,995,1179,1398,2048,2196
1998,1007,1485,669,832,1134,1449,1322,1482,1814
2046,1347,1827,687,835,1041,1183,1319,1483,1943
2555,1078,1505,712,813,997,1498,1662,1784,1918
2211,1438,2015,953,1133,1186,1255,1668,1793,1796
2162,1079,1999,772,1019,1106,1269,1424,1619,1819
2623,1032,1483,669,974,998,1159,1376,2078,1645
2018,1084,1617,715,894,1589,1529,1417,1718,2065
2715,1225,1579,651,860,1037,1157,1435,1782,1831
2211,996,1501,651,1111,1081,1172,1407,1856,1762
2104,1343,1506,662,838,1083,1438,1358,1816,1709
2093,1020,1690,968,909,1288,1156,1320,1547,1641
2298,1292,1733,672,832,1126,1156,1319,1672,1885
2149,1354,1485,672,986,1000,1627,1475,1512,2001
1997,997,1523,1007,869,1037,1546,1341,1483,1752
2179,1212,1825,677,824,1015,1236,1335,1808,2363
2253,998,1504,670,841,1005,1541,1738,1545,1797
2030,1000,1763,732,1130,1004,1169,1319,1500,1652
2432,1414,1511,670,874,994,1168,1319,1639,1872
1999,1002,1502,869,850,1366,1298,1574,1481,1698
1998,1275,1521,789,1113,1163,1199,1341,1567,2075
2270,1122,1502,651,833,995,1492,1455,1537,2407
2157,1058,1847,651,833,994,1546,1356,1510,2140
2047,997,1494,843,1015,997,1402,1380,1483,1663
2382,1226,1870,672,839,1036,1172,1326,1706,1843
2327,1028,1650,675,813,1059,1523,1646,1568,1689
2044,997,1772,929,1268,1076,1178,1320,1500,1661
2613,1040,1502,677,839,1002,1303,1536,2202,1775
2040,996,1484,669,1013,1437,1168,1321,1640,1662
2044,1006,1785,1080,892,1002,1170,1319,1576,1742
2789,1009,1510,721,839,1001,1161,1791,2067,1654
2105,1036,1526,954,833,1109,1411,1340,1482,1665
2275,1003,1897,757,975,997,1219,1392,1710,1665
2477,996,1502,651,1207,1163,1160,1321,2056,1645
2397,1011,1483,669,833,1120,1371,1461,1973,1677
2013,1007,2090,741,833,1274,1157,1338,1579,1919
2310,1405,1509,667,813,995,1174,1502,1794,1961
2105,1044,1549,671,812,1305,1466,1412,1505,1663
1999,1120,2372,786,848,994,1156,1319,1500,1806
2119,1005,1501,746,880,1041,1264,1651,2072,1643
2000,998,1590,894,839,1108,1514,1365,1498,1644
2351,1003,1985,713,814,996,1174,1589,1620,1685
2668,1013,1484,679,1158,1046,1164,1425,1827,1836
2358,1014,1505,652,841,1098,1496,1319,1869,1967
2440,1007,2022,700,1090,1041,1179,1337,1513,1659
2522,1373,1530,651,834,1040,1157,1336,1792,2107
2091,1006,1510,650,1000,1000,1642,1380,1482,1661
2214,1316,1841,685,839,1001,1314,1389,1552,1900
2415,1010,1574,742,833,995,1558,1327,2133,1779
2000,996,1814,669,840,1260,1212,1323,1498,1948
2009,1145,1771,687,838,1002,1173,1612,1578,1683
2384,1005,1678,973,847,1038,1202,1398,1866,1643
2322,1011,1676,674,836,1397,1409,1673,1481,1767
2003,996,1829,834,1060,1055,1211,1320,1483,1663
2529,1006,1483,671,833,994,1227,1502,2023,2142
1997,998,1538,670,813,995,1593,1337,1516,1725
2134,1363,1819,706,837,995,1156,1337,1498,1994
2434,1175,1569,651,833,994,1503,1325,1493,2016
2001,996,2198,677,841,1003,1199,1652,1594,2006
2013,1002,1493,879,1160,1028,1210,1719,1624,1732
2225,1175,1764,671,833,995,1331,1353,1640,1974
2377,1003,1500,668,839,1040,1395,1787,1921,1691
2087,1004,1679,815,833,994,1155,1570,1499,1770
2469,1068,1503,995,875,1007,1147,1335,1576,1880
2477,1009,1506,720,845,1003,1502,1386,1788,1664
2117,998,1764,832,1263,1033,1156,1319,1499,1644
2407,1246,1639,672,824,1125,1181,1367,1669,2031
2012,1004,1574,679,847,1011,1440,1953,1500,1708
2022,996,1789,710,834,995,1155,1380,1481,2119
2394,1034,1504,651,839,994,1165,1663,1595,1907
2147,1006,1508,1134,855,1091,1574,1442,1497,1641
2370,1000,1688,1052,960,995,1156,1631,1482,1660
2132,1222,1503,669,1112,1010,1183,1386,1480,2013
2588,1049,1516,668,840,1001,1340,1710,1952,1662
2000,1034,1638,878,953,1270,1176,1339,1625,1647
2749,1266,1555,662,846,995,1156,1319,1645,2119
2251,1092,1628,725,1042,1304,1315,1450,1602,1796
2371,1147,1721,708,905,1077,1269,1426,1740,1811
2124,1142,1593,675,813,1351,1184,1326,1509,2069
2001,1353,1630,663,970,999,1615,1454,1595,1883
2010,1007,1523,928,922,1038,1546,1350,1530,1661
2246,1201,1830,669,944,1002,1283,1326,1942,2641
2414,1014,1508,724,847,1018,1520,1655,1577,1793
2006,1061,1701,1023,991,995,1224,1334,1499,1645
2456,1063,1542,651,842,997,1175,1417,2116,1796
2011,1003,1644,675,1209,1142,1347,1335,1506,1643
2307,1016,1758,687,942,1042,1178,1320,1822,1667
2491,1000,1620,670,813,1329,1165,1511,2032,1845
2058,1268,1501,650,832,1214,1303,1320,1646,2046
2049,998,1835,708,1035,1027,1154,1400,1790,1794
2586,1002,1503,650,1094,1012,1232,1660,1539,1662
2248,1253,1506,671,897,1288,1195,1338,1811,1645
2003,997,1984,743,835,1407,1319,1342,1508,1918
2120,1238,1626,663,839,1165,1210,1463,1772,1979
1999,997,1494,670,832,1233,1678,1504,1487,1758
2085,1082,2109,686,833,995,1156,1345,1482,2184
2308,997,1503,651,833,994,1514,1753,1532,1854
2214,1044,1862,661,1008,1224,1156,1318,1499,2060
2112,1388,1908,651,842,995,1576,1340,1496,1978
2061,998,2072,745,841,1003,1413,1534,1482,1970
1994,996,1484,760,1106,1199,1416,1947,1520,1709
2288,1123,1851,650,833,995,1157,1485,1508,2546
2343,1006,1504,670,832,994,1386,1736,1650,1711
2076,997,1496,885,1235,1048,1157,1397,1515,1658
2349,1427,1528,670,833,1038,1157,1318,1890,1890
2012,1157,1511,718,850,1346,1697,1561,1480,1660
2167,1188,1509,918,1068,1082,1160,1380,1834,1645
1998,1355,1541,650,832,1255,1328,1386,1496,2058
2066,1211,1574,726,834,994,1270,1714,1520,2208
2000,997,1485,832,1010,1074,1469,1360,1500,1823
2282,1283,1873,724,824,1003,1178,1335,1525,2337
2254,1000,1547,651,834,995,1424,1541,1568,1660
2002,998,1576,889,1439,1361,1165,1342,1482,1666
2320,1035,1485,669,925,1145,1201,1386,2087,1818
2011,998,1484,672,1066,1108,1252,1810,1485,1706
2098,1159,1546,703,1089,1031,1157,1337,1684,1748
2064,1309,1564,661,841,1002,1178,1325,1841,1843
2445,1047,1486,670,981,1189,1167,1434,1704,1675
1990,1425,1558,651,874,1450,1254,1374,1865,1679
2135,998,1852,745,879,1425,1160,1334,1536,1662
2369,1302,1642,680,834,996,1309,1320,1941,1980
2021,997,1555,672,832,1092,1729,1363,1572,1664
2044,997,1796,1050,904,1010,1216,1320,1501,1804
2581,1038,1485,670,860,1013,1158,1667,1848,1713
2076,1044,1530,724,1124,997,1460,1357,1498,1643
2383,1006,1598,1179,964,996,1156,1337,1732,1777
2325,1049,1484,669,847,1387,1163,1466,1907,1749
2067,1237,1501,671,812,996,1566,1488,1818,1784
2012,1023,1779,713,833,1250,1182,1319,1481,1834
2549,1392,1508,678,831,994,1165,1318,1791,1969
2161,1047,1486,706,835,1139,1619,1366,1497,1664
2037,1014,2390,1020,883,994,1156,1337,1482,1886
2337,998,1527,771,902,1039,1160,1662,1876,1663
2007,996,1484,935,875,1350,1212,1327,1564,1675
2382,1089,1735,670,812,995,1173,1430,1750,1801
2275,1006,1510,651,1110,1008,1157,1319,1838,1813
2337,1091,1506,661,840,1265,1248,1477,1808,1643
2112,1128,1906,716,833,1269,1163,1320,1500,1683
2292,1319,1674,671,836,1078,1163,1318,1902,2015
1997,1034,1486,669,832,1314,1952,1342,1481,1661
1999,997,2036,794,870,995,1156,1481,1487,1716
2453,997,1482,669,832,994,1164,1670,1738,1857
2041,996,1486,746,1105,1024,1435,1343,1569,1673
2351,1058,1654,835,1009,1031,1228,1453,1490,1745
2571,1165,1533,713,916,996,1156,1730,1809,1742
1996,1045,1509,1067,987,1465,1515,1470,1509,1706
2338,1272,1568,683,834,1047,1282,1729,1499,1889
2091,998,1485,791,1097,1002,1166,1866,1632,1786
2553,1117,1650,714,1023,1082,1276,1596,1712,1898
2175,1203,1606,864,901,1075,1271,1428,1627,1872
2512,1099,1628,731,890,1102,1329,1550,1773,1676
2050,1218,1630,1020,1319,1065,1177,1319,1498,1643
2411,1457,1677,718,878,986,1174,1319,1656,1944
2175,999,1607,672,833,1470,1779,1420,1504,1750
2185,1298,1685,867,903,995,1205,1394,1963,1686
2354,1041,1518,651,839,1310,1164,1340,2192,1745
2044,1387,1527,678,839,1004,1464,1391,1498,2100
2091,1000,1838,708,832,995,1441,1329,1507,1660
2355,1145,2014,671,831,996,1307,1337,1776,1983
2016,1013,1546,786,842,1178,1763,1709,1501,1643
2102,1000,1909,981,832,1158,1160,1410,1504,1681
2486,1005,1500,699,944,1010,1157,1416,2323,1908
2013,1006,1506,677,823,1399,1239,1356,1571,1734
2092,1303,1781,723,833,994,1157,1317,1499,1921
2415,1088,1538,692,833,1038,1476,1343,1535,2205
2041,1036,1986,652,835,1058,1540,1378,1482,1659
1999,1300,1632,897,1005,1097,1201,1340,1797,1644
2275,1048,1485,671,942,1214,1447,1360,1807,1936
1999,1321,1505,671,831,1107,1415,1338,1628,2177
2010,998,1797,718,833,995,1466,1320,1511,1907
2332,998,1939,670,833,1004,1157,1319,1878,1939
2131,1025,1490,671,878,1130,1407,1633,1524,1667
2000,998,1666,1010,1192,1039,1157,1326,1498,1703
2497,1215,1523,661,840,1157,1206,1388,2043,1702
1999,1209,1484,705,1039,1188,1634,1582,1486,1662
2211,1118,1627,947,884,996,1272,1334,1822,1715
2558,1084,1504,693,836,1333,1180,1326,1811,1710
2143,1477,1485,671,880,1185,1350,1319,1498,1930
2001,1093,2000,757,836,1038,1487,1410,1512,1706
2362,997,1784,795,867,1046,1169,1352,1904,1965
2012,997,1808,680,832,1038,1438,1441,1785,1720
2471,1060,1751,669,840,1002,1179,1328,2044,2217
2070,1004,1506,661,839,1254,1592,1393,1505,1844
2037,1197,1927,679,835,994,1157,1320,1507,1644
3001,990,1522,688,834,998,1165,1318,1849,1665
2043,998,1706,678,1137,1319,1210,1327,1496,1662
2316,1035,1823,667,832,1172,1221,1322,1907,1739
2283,996,1503,651,831,1386,1166,1741,1943,1663
2055,1328,1501,651,1108,1232,1178,1319,1782,1855
2048,1283,1552,714,834,1011,1500,1338,1482,1670
2603,1017,1955,670,813,995,1207,1550,1653,1996
2015,1145,1521,663,1170,1254,1465,1340,1500,1644
2118,1304,1876,697,836,1040,1158,1321,1499,1733
2786,1006,1525,661,840,1097,1227,1688,1762,1666
2135,1004,1508,762,1069,1362,1163,1462,1531,1684
2284,1159,1690,670,831,993,1158,1364,1747,2213
2114,1042,1486,670,875,1402,1163,1698,1538,1658
2125,1369,1558,676,1163,1033,1158,1317,1632,1725
1998,1349,1706,673,998,1241,1472,1361,1506,2046
2001,1226,1599,669,978,997,1316,1755,1484,1966
2027,1050,1486,801,1074,996,1570,1329,1562,1818
2097,1219,1517,651,833,1266,1165,1320,1636,2214
2086,1367,1508,678,824,1045,1270,1663,1607,2127
2017,1000,1718,870,883,1040,1427,1337,1481,1662
2212,1250,1883,680,949,996,1158,1338,1482,2235
2085,1010,1548,776,840,1002,1301,1961,1527,1667
2071,999,1525,891,905,1045,1159,1402,1502,1707
2446,1190,1585,669,834,993,1157,1639,1530,2187
2043,997,1485,767,1101,1001,1365,1546,1505,1837
2557,997,1620,827,884,994,1156,1337,1800,1674
2237,1262,1484,671,977,1224,1210,1342,1753,1843
2093,1207,1595,679,832,1003,1458,1481,1788,1902
2001,998,1681,815,875,1277,1238,1319,1498,1643
2295,1078,1778,668,841,1001,1155,1517,1483,2807
2117,1042,1486,669,841,996,1384,1838,1630,1707
2000,997,1483,852,1313,1049,1156,1390,1576,1659
2333,1381,1573,670,832,995,1194,1318,2000,1785
2000,1173,1560,651,1132,1067,1252,1596,1498,1669
2200,1189,1502,984,1139,1081,1160,1411,1818,1677
2021,1289,1540,651,832,1345,1212,1384,1496,2050
2062,1295,1602,696,1024,1051,1382,1615,1836,2068
2230,1079,1719,705,912,1212,1253,1433,1743,2014
2666,1145,1624,724,899,1075,1251,1432,2030,1974
2004,1039,1486,715,833,1187,1643,1365,1499,1661
2052,1079,1950,715,848,993,1156,1319,1538,1980
2418,1020,1599,671,860,1020,1353,1449,1805,1796
2045,1069,1807,652,832,1459,1269,1334,1548,1663
2282,996,1791,745,834,996,1157,1843,1511,1765
2382,1006,1508,676,832,1012,1445,1457,1689,1877
2063,1042,1803,666,832,1312,1203,1332,1502,1668
2426,1175,1829,679,832,1003,1157,1603,1482,1920
2110,997,1633,1032,927,1002,1173,1690,1541,1770
2345,991,1507,692,1345,1162,1190,1396,1644,1645
2168,1219,1504,651,1119,1029,1322,1321,1609,2298
2349,1006,1507,661,840,1002,1482,1379,2051,1732
2000,999,1809,721,813,1269,1157,1320,1501,1742
2156,1430,2000,651,835,995,1176,1319,1481,2399
2238,1009,1725,662,840,1008,1294,1852,1537,1642
2041,1059,1591,913,1098,1074,1157,1319,1500,1656
2620,1035,1503,651,832,1153,1202,1621,1719,1796
1998,997,1502,651,1227,995,1405,1726,1504,1687
2365,1024,1485,896,1014,1015,1157,1320,1866,2040
2552,1095,1502,651,1110,1038,1256,1416,1833,1835
2375,1165,1489,713,833,1098,1369,1319,1827,1644
2027,1202,1888,776,905,1296,1163,1440,1480,1661
2321,1375,1647,721,839,1044,1164,1334,1825,2032
2018,1037,1528,673,832,1495,1737,1415,1497,1705
2092,998,1988,651,851,995,1155,1479,1484,1710
2720,1051,1501,667,840,1002,1172,1327,1882,1827
2063,997,1486,651,1042,1177,1476,1401,1483,1662
2217,1271,1734,760,1003,1031,1155,1334,1524,1664
2263,1367,1716,671,1069,1003,1163,1516,1697,2062
2038,999,1502,670,1328,1164,1158,1935,1544,1660
2324,1046,1500,650,1160,1032,1299,1345,1940,1777
2100,1355,1584,651,1139,1019,1167,1340,1773,1955
2425,1026,1493,670,832,996,1157,1698,1854,1787
2313,1088,1506,651,1025,1262,1382,1344,1480,1661
2095,1377,2127,709,840,999,1159,1339,1481,1879
2169,997,1591,672,878,1076,1491,1499,1677,1665
2212,997,1867,754,1020,1469,1310,1321,1499,2049
2040,1229,1887,671,832,1005,1533,1390,1502,1886
2187,1078,1773,702,902,1076,1206,1527,1789,1817
2361,1025,1516,677,948,1226,1193,1758,1513,1811
2026,1307,1769,855,841,996,1156,1319,1508,2017
2513,1010,1536,681,833,995,1157,1703,2156,1717
2008,997,1641,652,1377,1470,1196,1318,1500,1645
1998,1327,1520,651,832,1154,1209,1340,1796,2011
2038,996,1536,650,835,1252,1229,1747,1646,1853
2203,1343,1509,758,1058,1122,1211,1320,1697,1978
2397,1056,1484,677,832,996,1446,1338,1481,2109
2160,999,1879,668,830,995,1154,1637,1619,1950
1999,1144,1512,651,1249,1322,1469,1326,1483,1696
1999,1325,1911,716,827,1000,1218,1320,1481,1987
2355,997,1501,651,874,997,1332,1495,2208,1668
2009,1004,1501,677,1121,1190,1156,1364,1550,1708
2334,1015,1930,651,833,995,1158,1338,1758,1787
2661,1134,1545,670,886,1347,1178,1625,1625,1643
2125,1301,1565,669,994,1295,1181,1333,1500,1710
2290,1193,1780,692,876,995,1157,1319,1778,1757
2229,1004,1548,692,832,1413,1184,1724,1828,1674
2014,1291,1499,667,986,1240,1164,1481,1739,1824
2004,1307,1699,682,832,1152,1557,1321,1655,1829
2260,1247,1593,679,838,1001,1163,1452,1725,2021
2073,1002,1717,673,938,1250,1457,1333,1568,1644
2001,1075,2432,756,881,995,1157,1321,1499,1789
2664,1040,1556,801,840,1003,1211,1745,1614,1662
1999,998,1484,876,1128,1412,1304,1499,1551,1666
2300,1326,1582,651,831,994,1157,1386,1868,2197
2000,997,1501,651,1182,1017,1166,1719,1504,1820
2277,1175,1499,772,1027,996,1156,1338,1747,1657
2092,1437,1594,692,837,1399,1203,1343,1500,1915
2038,1309,2181,712,844,1002,1361,1562,1655,1804
2010,999,1583,859,1020,998,1593,1418,1719,1848
2310,1266,1624,717,1055,1295,1562,1825,2220,1850
2179,1097,1631,715,978,1085,1345,1468,1624,1796
2332,1257,1646,779,833,996,1199,1320,1895,2068
2072,997,1485,669,898,1265,1156,1434,1725,1805
2110,1355,1503,677,1002,1252,1224,1339,1751,1791
2113,1468,1591,651,877,1333,1166,1319,1602,1990
2098,1371,1670,724,835,1041,1159,1679,1538,2032
2014,1004,1532,700,1195,1131,1482,1346,1482,1661
2156,1261,2046,678,832,994,1157,1533,1693,2345
2027,1004,1522,651,912,995,1601,1449,1653,1684
2077,1005,1849,986,1037,990,1227,1319,1499,1646
2909,1011,1505,670,842,1003,1159,1367,1625,1870
1999,1138,1536,668,1238,994,1337,1545,1503,1682
2290,1078,1509,920,1069,1021,1189,1470,1792,1660
2158,1194,1517,679,813,1273,1381,1321,1558,2028
1997,1340,1570,679,825,1003,1479,1912,1778,1660
1998,997,1501,651,1193,1066,1422,1335,1482,1802
2004,1417,1946,666,832,995,1173,1336,1482,1993
2166,1001,1534,671,832,995,1551,1484,1672,1697
2058,997,2004,688,860,1426,1277,1320,1484,1922
2203,1108,1721,669,923,1127,1200,1602,1500,1778
2337,997,1570,930,836,1037,1157,1509,2034,1707
2368,997,1503,651,832,1219,1333,1643,1605,1683
2095,998,1705,838,1140,1001,1163,1334,1495,1661
2740,1531,1552,662,839,1003,1319,1409,1871,1988
